{
    "colors": {
        "bg": {
            "primary": [1.0, 1.0, 1.0, 1.0],
            "card": [1.0, 1.0, 1.0, 1.0],
            "subtle": [0.96, 0.97, 0.99, 1.0],
            "item": [0.980392, 0.988235, 0.996078, 1.0],
            "input": [1.0, 1.0, 1.0, 1.0]
        },
        "primary": {
            "base": [0.043, 0.424, 1.0, 1.0],
            "hover": [0.031, 0.341, 0.86, 1.0],
            "pressed": [0.022, 0.251, 0.66, 1.0]
        },
        "danger": {
            "base": [0.89, 0.14, 0.2, 1.0],
            "hover": [0.75, 0.09, 0.13, 1.0],
            "pressed": [0.62, 0.07, 0.11, 1.0]
        },
        "text": {
            "primary": [0.05, 0.06, 0.08, 1.0],
            "muted": [0.36, 0.4, 0.47, 1.0],
            "hint": [0.45, 0.49, 0.56, 1.0],
            "input": [0.0, 0.0, 0.0, 1.0],
            "onPrimary": [1.0, 1.0, 1.0, 1.0],
            "action": [0.043, 0.424, 1.0, 1.0],
            "danger": [0.78, 0.09, 0.13, 1.0],
            "success": [0.04, 0.51, 0.28, 1.0]
        },
        "border": {
            "subtle": [0.84, 0.87, 0.92, 1.0],
            "control": [0.31, 0.36, 0.43, 1.0],
            "action": [0.043, 0.424, 1.0, 1.0]
        },
        "divider": [0.88, 0.9, 0.94, 1.0]
    },
    "radius": {
        "control": 6,
        "surface": 8,
        "pill": 999
    },
    "spacing": {
        "tightPadding": [6, 4, 6, 4],
        "controlPadding": [8, 8, 8, 8],
        "rowPadding": [12, 8, 12, 8],
        "cardPadding": [12, 12, 12, 12],
        "panelPadding": [16, 16, 16, 16],
        "modalPadding": [24, 20, 24, 20],
        "entrySpacing": 4
    },
    "presets": {
        "panel": {
            "background_color": [1.0, 1.0, 1.0, 1.0],
            "corner_radius": 8,
            "border_color": [0.84, 0.87, 0.92, 1.0],
            "border_width": 1
        },
        "card": {
            "background_color": [1.0, 1.0, 1.0, 1.0],
            "corner_radius": 8,
            "border_color": [0.84, 0.87, 0.92, 1.0],
            "border_width": 1
        },
        "rowItem": {
            "background_color": [0.980392, 0.988235, 0.996078, 1.0],
            "corner_radius": 8,
            "border_color": [0.31, 0.36, 0.43, 1.0],
            "border_width": 1
        },
        "cardItem": {
            "background_color": [0.980392, 0.988235, 0.996078, 1.0],
            "corner_radius": 8,
            "border_color": [0.31, 0.36, 0.43, 1.0],
            "border_width": 1
        },
        "input": {
            "background_color": [1.0, 1.0, 1.0, 1.0],
            "color": [0.0, 0.0, 0.0, 1.0],
            "hint_color": [0.45, 0.49, 0.56, 1.0],
            "corner_radius": 6,
            "border_color": [0.31, 0.36, 0.43, 1.0],
            "border_width": 1
        },
        "primaryButton": {
            "color": [0.043, 0.424, 1.0, 1.0],
            "hover_color": [0.031, 0.341, 0.86, 1.0],
            "pressed_color": [0.022, 0.251, 0.66, 1.0],
            "corner_radius": 6,
            "border_color": [0.043, 0.424, 1.0, 1.0],
            "border_width": 1
        },
        "secondaryButton": {
            "color": [1.0, 1.0, 1.0, 1.0],
            "hover_color": [0.94, 0.97, 1.0, 1.0],
            "pressed_color": [0.89, 0.94, 1.0, 1.0],
            "corner_radius": 6,
            "border_color": [0.043, 0.424, 1.0, 1.0],
            "border_width": 1
        },
        "dangerButton": {
            "color": [0.89, 0.14, 0.2, 1.0],
            "hover_color": [0.75, 0.09, 0.13, 1.0],
            "pressed_color": [0.62, 0.07, 0.11, 1.0],
            "corner_radius": 6,
            "border_color": [0.89, 0.14, 0.2, 1.0],
            "border_width": 1
        },
        "status": {
            "background_color": [1.0, 1.0, 1.0, 1.0],
            "corner_radius": 8,
            "border_color": [0.84, 0.87, 0.92, 1.0],
            "border_width": 1
        },
        "error": {
            "background_color": [1.0, 1.0, 1.0, 1.0],
            "corner_radius": 8,
            "border_color": [0.89, 0.14, 0.2, 1.0],
            "border_width": 1
        },
        "divider": {
            "background_color": [0.88, 0.9, 0.94, 1.0]
        }
    }
}
